/*****   APP_USER   ***********************************************************/

INSERT INTO APP_USER VALUES 
  (12345,'Bob Jones','123 Sesame Street Reading, PA','123-456-7890','bjones@gmail.com');
  
INSERT INTO APP_USER VALUES 
  (23456,'Jimmy Jordan','15 Market Street Philadelphia, PA','888-777-666','jjordan@gmail.com');
  
INSERT INTO APP_USER VALUES 
  (34567,'Frank Morgan','122 Real Avenue New York, NY','543-123-321','fmorgan12@comcast.net');
  
INSERT INTO APP_USER VALUES 
  (45678,'Andrew Anderson','55 Lancaster Avenue Villanova, PA','655-123-2152','anderson123@aol.com');
  
INSERT INTO APP_USER VALUES 
  (56789,'Molly Pitch','862 Lancaster Avenue Villanova, PA','551-890-2372','mpitch4@gmail.com');

INSERT INTO APP_USER VALUES 
  (67890,'Brian McJonas','48 Market Street Philadelphia, PA','917-990-7839','brianmcjonas149@gmail.com'); 
  
INSERT INTO APP_USER VALUES 
  (09876,'Abby Poach','7312 Boulevard East New Jersey, NJ','551-989-6679','apoach@gmail.com'); 

INSERT INTO APP_USER VALUES 
  (98765,'Maddie Parsley','7311 Boulevard East New Jersey, NJ','551-867-2137','maddieparsley18@gmail.com'); 

INSERT INTO APP_USER VALUES 
  (87654,'Brooke Jonas','90 South White Dr.Troy, NY','917-225-5679','brookejonas1@gmail.com'); 

INSERT INTO APP_USER VALUES 
  (76543,'Jack McOrallo','56 Bow Ridge Lane New York, NY','917-557-2314','jmcorallo34@gmail.com'); 

INSERT INTO APP_USER VALUES 
  (11335,'Romana Caro','215 Main Street Allentown, PA','484-523-2532','roman21@gmail.com'); 

INSERT INTO APP_USER VALUES 
  (22446,'Desislava Freudenberger','160 Broadway, New York, NY 10038','717-550-1675','freuds4@villanova.edu'); 

INSERT INTO APP_USER VALUES 
  (33557,'Thomas McNeilly','541 6th Ave, New York, NY 10011','234-109-6666','thomas435@gmail.com'); 

INSERT INTO APP_USER VALUES 
  (44668,'Riccarda De Angelis','114 Moorehead Ave, West Conshohocken, PA 19428','206-342-8631','angelis98@yahoo.com'); 

INSERT INTO APP_USER VALUES 
  (55779,'Reg Mas','11 Lancaster Pike, Ardmore, PA 19003','252-258-3799','reg349@gmail.com'); 

INSERT INTO APP_USER VALUES 
  (66880,'Alex Sergeant','215 Main Street Allentown, PA','929-773-9218','alex0897@yahoo.com'); 

INSERT INTO APP_USER VALUES 
  (77991,'Giovanna Ayodele','2931 Dekalb Pike, East Norriton, PA 19401','904-905-3354','giovanna@gmail.com'); 

INSERT INTO APP_USER VALUES 
  (88002,'Udo Miranda','215 W Lancaster Ave, Wayne, PA 19087','513-410-6361','miranda23@villanova.edu'); 

INSERT INTO APP_USER VALUES 
  (99113,'Siyabonga Nieri','95 W Lancaster Ave, Ardmore, PA 19003','801-093-1791','nieri980@gmail.com'); 

INSERT INTO APP_USER VALUES 
  (11133,'Vavrinec Dukes','33-35 E Eagle Rd, Havertown, PA 19083','863-436-5804','dukes009@yahoo.com'); 

INSERT INTO APP_USER VALUES 
  (22244,'Ishmael Agnelli','1000 Darby Rd, Havertown, PA 19083','947-182-9877','agnelli1@villanova.edu'); 

INSERT INTO APP_USER VALUES 
  (33355,'Zim Sowdha',' 525 Burmont Rd, Drexel Hill, PA 19026','302-981-0846','zimsowdha@gmail.com'); 

INSERT INTO APP_USER VALUES 
  (44466,'Samin Salek','202 S State Rd, Upper Darby, PA 19082','719-591-4320','salekmama7@yahoo.com'); 

INSERT INTO APP_USER VALUES 
  (55577,'Razita Heins','2050 Sproul Rd, Broomall, PA 19008','409-209-4669','heins88@gmail.com'); 

INSERT INTO APP_USER VALUES 
  (66688,'Eren Jaegar','201 S Bryn Mawr Ave, Bryn Mawr, PA 19010','867-185-7306','attackontitan@yahoo.com'); 

INSERT INTO APP_USER VALUES 
  (77799,'Roronoa Zoro','50 N Newtown Street Rd, Newtown Square, PA 19073','740-449-7174','onepieceisreal@gmail.com'); 

INSERT INTO APP_USER VALUES 
  (88800,'Black Teech','3230 Richmond St, Philadelphia, PA 19134','857-386-2705','blackwhite23@villanova.edu'); 

INSERT INTO APP_USER VALUES 
  (99911,'Axl Rose','8000 S Crescent Blvd, Township, NJ 08109','726-570-8881','gunsnrose1@gmail.com'); 

INSERT INTO APP_USER VALUES 
  (00022,'Anik Das','160 S Delaware Ave, Philadelphia, PA 19148','365-487-2256','anik987@gmail.com'); 

INSERT INTO APP_USER VALUES 
  (11332,'Kumar Hannigain','3300 Market St, Philadelphia, PA 19104','325-019-2393','kumarsl0@villanova.edu'); 

INSERT INTO APP_USER VALUES 
  (22443,'Sarkis Baldi','372 Spruce St, Philadelphia, PA 19104','731-456-8676','baldicsc24@yahoo.com'); 

INSERT INTO APP_USER VALUES 
  (33554,'River Ryley','67 N Lansdowne Ave, Lansdowne, PA 19050','440-698-7752','riverriley@gmail.com'); 

INSERT INTO APP_USER VALUES 
  (44665,'Gustaaf Parrish','2050 Sproul Rd, Broomall, PA 19008','270-821-3803','gustaffu88@villanova.edu'); 

INSERT INTO APP_USER VALUES 
  (55776,'Caelie Borisov','692 N Delsea Dr, Glassboro, NJ 08028','620-581-9128','carlieborsv@yahoo.com'); 

INSERT INTO APP_USER VALUES 
  (66887,'Oswald Moloney','1301 Gloucester Rd, Blackwood, NJ 08012','301-488-3718','moloneyas@gmail.com'); 

INSERT INTO APP_USER VALUES 
  (77998,'Gus Langdon','496 Crown Rd, Deptford, NJ 08086','712-705-6853','guslangdon3@villanova.edu'); 

INSERT INTO APP_USER VALUES 
  (88009,'Luciano Moreno','275 N Gulph Rd, KoP, PA 19406','438-077-9605','moreno24@gmail.com'); 

INSERT INTO APP_USER VALUES 
  (99110,'Assunta Robledo',' 605 Conc Hwy, Boothwyn, PA 19061','708-342-4849','assunta09@yahoo.com'); 

INSERT INTO APP_USER VALUES 
  (00221,'Cailyn Leighton','270 Indian Run St, Exton, PA 19341','609-307-8640','cailynl6@villanova.edu'); 

INSERT INTO APP_USER VALUES 
  (11334,'Daryna Little',' 650 S Trooper Rd, Norristown, PA 19403','231-511-6029','darynalittle59@villanova.edu'); 




/*****   APP_CAR   ***********************************************************/

INSERT INTO APP_CAR VALUES 
  ('Honda','Accord',5,2017,'SPS5000',45678);
  
INSERT INTO APP_CAR VALUES 
  ('Toyota','Corolla',4,2020,'BCF6880',67890);
  
INSERT INTO APP_CAR VALUES 
  ('Toyota','Prius',6,2016,'UBC6000',45678);
  
INSERT INTO APP_CAR VALUES 
  ('Nissan','Altima',5,2018,'ABF7000',23456);
  
INSERT INTO APP_CAR VALUES 
  ('Nissan','Juke',6,2021,'HNF5500',09876);

INSERT INTO APP_CAR VALUES 
  ('Honda','Civic',7,2019,'OBF3000',56789);

INSERT INTO APP_CAR VALUES 
  ('Hyundai','Tucson',6,2015,'ASF4000',98765);

INSERT INTO APP_CAR VALUES 
  ('Hyundai','Kona',5,2020,'IGH8000',76543);

INSERT INTO APP_CAR VALUES 
  ('Mercedes','Amg',5,2016,'DFG6345',76543);

INSERT INTO APP_CAR VALUES 
  ('Range Rover','Evoque',5,2022,'SDF4001',87654);

INSERT INTO APP_CAR VALUES 
  ('Hyundai','Tucson',5,2016,'FKL2340',98765);

INSERT INTO APP_CAR VALUES 
  ('BMW','X1',6,2020,'IAH8400',33557);

INSERT INTO APP_CAR VALUES 
  ('BMW','X5',7,2019,'DDFG6386',55779);

INSERT INTO APP_CAR VALUES 
  ('Nissan','Sentra',4,2002,'JDD4051',88002);

INSERT INTO APP_CAR VALUES 
  ('Nissan','Versa',5,2011,'WEF4751',22446);

INSERT INTO APP_CAR VALUES 
  ('Nissan','Frontier',5,2019,'WVA4451',44665);


/*****   APP_TRIP_INFO   ***********************************************************/
INSERT INTO APP_TRIP_INFO VALUES 
  ('215 Main Street, Allentown, PA 18001',4,'2023-10-04 12:30',20202,12345,'SPS5000');

INSERT INTO APP_TRIP_INFO VALUES 
  ('160 Broadway, New York, NY 10038',5,'2023-10-04 02:30',30303,98765,'BCF6880');
  
INSERT INTO APP_TRIP_INFO VALUES 
  ('541 6th Ave, New York, NY 10011',3,'2023-10-04 12:01',40404,33557,'BCF6880');
  
INSERT INTO APP_TRIP_INFO VALUES 
  ('114 Moorehead Ave, West Conshohocken, PA 19428',4,'2023-10-04 15:12',50505,55779,'SPS5000');

INSERT INTO APP_TRIP_INFO VALUES 
  ('11 Lancaster Pike, Ardmore, PA 19003',5,'2023-10-04 13:25',60606,88002,'WEF4751');
  
INSERT INTO APP_TRIP_INFO VALUES 
  ('215 Main Street Allentown, PA',3,'2023-10-04 14:15',70707,44665,'JDD4051');
  
INSERT INTO APP_TRIP_INFO VALUES 
  ('2601 West Chester Pike, Broomall, PA 19008',4,'2023-10-04 23:12',80808,22446,'IAH8400');

INSERT INTO APP_TRIP_INFO VALUES 
  ('635 S Trooper Rd, Audubon, PA 19403',5,'2023-10-04 12:20',90909,76543,'SDF4001');
  
INSERT INTO APP_TRIP_INFO VALUES 
  ('2931 Dekalb Pike, East Norriton, PA 19401',5,'2023-10-04 02:20',01010,12345,'OBF3000');
  
INSERT INTO APP_TRIP_INFO VALUES 
  ('1575 N 52nd St, Philadelphia, PA 19131',3,'2023-10-04 13:56',02020,12345,'HNF5500');
  
INSERT INTO APP_TRIP_INFO VALUES 
  ('217 Main Street Allentown, PA',3,'2023-10-04 14:05',03030,23456,'JDD4051');
  
INSERT INTO APP_TRIP_INFO VALUES 
  ('2610 West Chester Pike, Broomall, PA 19008',4,'2023-10-04 23:20',04040,09876,'IAH8400');

INSERT INTO APP_TRIP_INFO VALUES 
  ('6352 S Trooper Rd, Audubon, PA 19403',5,'2023-10-04 12:20',05050,56789,'SDF4001');
  
INSERT INTO APP_TRIP_INFO VALUES 
  ('2920 Dekalb Pike, East Norriton, PA 19401',5,'2023-10-04 02:10',06060,45678,'OBF3000');
  
INSERT INTO APP_TRIP_INFO VALUES 
  ('1530 N 53rd St, Philadelphia, PA 19131',3,'2023-10-04 13:36',07070,67890,'HNF5500');
  
  
  
/*****   TRIP_HISTORY   ***********************************************************/

INSERT INTO TRIP_HISTORY VALUES 
  ('215 Main Street Allentown, PA',3,'2023-10-04 12:30',55667,20202);
  
INSERT INTO TRIP_HISTORY VALUES 
  ('160 Broadway, New York, NY 10038', 5,'2023-10-04 02:10',44556,30303);
  
INSERT INTO TRIP_HISTORY VALUES 
  ('541 6th Ave, New York, NY 10011',2,'2023-10-04 13:20',33445,40404);
  
INSERT INTO TRIP_HISTORY VALUES
  ('114 Moorehead Ave, West Conshohocken, PA 19428',3,'2023-10-04 01:30',11223,50505);
  
INSERT INTO TRIP_HISTORY VALUES 
  ('11 Lancaster Pike, Ardmore, PA 19003',4,'2023-10-04 16:45',22334,60606);
  
INSERT INTO TRIP_HISTORY VALUES 
  ('215 Main Street Allentown, PA',3,'2023-10-04 14:00',66778,70707);
  
INSERT INTO TRIP_HISTORY VALUES 
  ('2601 West Chester Pike, Broomall, PA 19008',3,'2023-10-04 09:50',77889,80808);
  
INSERT INTO TRIP_HISTORY VALUES 
  ('635 S Trooper Rd, Audubon, PA 19403',3,'2023-10-04 08:20',88990,90909);
  
INSERT INTO TRIP_HISTORY VALUES 
  ('2931 Dekalb Pike, East Norriton, PA 19401',3,'2023-10-04 07:40',12345,01010);
  
INSERT INTO TRIP_HISTORY VALUES 
  ('1575 N 52nd St, Philadelphia, PA 19131',3,'2023-10-04 7:20',09876,02020);
  